step,n_agents,churned_cum,acquired_cum,avg_products,branch_share,digital_share,hybrid_share
0,10,0,0,0.0,1.0,0.0,0.0
1,10,0,0,0.9,1.0,0.0,0.0
2,10,0,0,1.8,1.0,0.0,0.0
3,9,1,0,2.6,1.0,0.0,0.0
4,9,1,0,3.4,1.0,0.0,0.0
5,9,1,0,4.2,1.0,0.0,0.0
6,10,1,1,4.636363636363637,1.0,0.0,0.0
7,10,1,1,5.545454545454546,1.0,0.0,0.0
8,10,1,1,6.454545454545454,0.9,0.1,0.0
9,10,1,1,7.363636363636363,0.9,0.1,0.0
10,10,1,1,8.272727272727273,0.8,0.2,0.0
11,10,1,1,9.181818181818182,0.8,0.2,0.0
12,10,1,1,10.090909090909092,0.8,0.2,0.0
13,10,1,1,11.0,0.8,0.2,0.0
14,10,1,1,11.818181818181818,0.8,0.2,0.0
15,10,1,1,12.545454545454545,0.7,0.3,0.0
16,10,1,1,13.272727272727273,0.7,0.2,0.1
17,10,1,1,13.818181818181818,0.5,0.3,0.2
18,10,1,1,14.363636363636363,0.5,0.3,0.2
19,9,2,1,14.545454545454545,0.5555555555555556,0.2222222222222222,0.2222222222222222
20,9,2,1,14.818181818181818,0.5555555555555556,0.2222222222222222,0.2222222222222222
21,7,4,1,15.090909090909092,0.5714285714285714,0.2857142857142857,0.14285714285714285
22,7,4,1,15.272727272727273,0.5714285714285714,0.14285714285714285,0.2857142857142857
23,7,4,1,15.363636363636363,0.5714285714285714,0.0,0.42857142857142855
24,7,4,1,15.545454545454545,0.5714285714285714,0.0,0.42857142857142855
25,7,4,1,15.545454545454545,0.5714285714285714,0.0,0.42857142857142855
26,7,4,1,15.727272727272727,0.5714285714285714,0.0,0.42857142857142855
27,7,4,1,15.727272727272727,0.5714285714285714,0.0,0.42857142857142855
28,7,4,1,15.727272727272727,0.42857142857142855,0.0,0.5714285714285714
29,7,4,1,15.818181818181818,0.42857142857142855,0.0,0.5714285714285714
